BANKSY_default	BANKSY_dlpfc	BANKSY_github	BANKSY_starmap	CellCharter_1	CellCharter_2	CellCharter_default	CellCharter_dlpfc	DRSC_FindSVGs	DRSC_FindVariableFeatures	DRSC_all_genes	DRSC_default	SEDR_1	SEDR_2	SEDR_default	SEDR_dlpfc	STAGATE_1	STAGATE_default	STAGATE_slide_stereo	STAGATE_starmap	SpaceFlow_1	SpaceFlow_2	SpaceFlow_3	SpaceFlow_default	bass_1	bass_default	bass_dlpfc	bass_starmap	precast_1	precast_BC	precast_default	precast_dlpfc	scanpy-leiden_leiden_1	scanpy-leiden_leiden_2	scanpy-leiden_leiden_3	scanpy-leiden_leiden_4	scanpy-louvain_louvain_1	scanpy-louvain_louvain_2	scanpy-louvain_louvain_3	scanpy-louvain_louvain_4	seurat-leiden_leiden_1	seurat-leiden_leiden_2	seurat-leiden_leiden_3	seurat-leiden_leiden_4	seurat-louvain_louvain_1	seurat-louvain_louvain_2	seurat-louvain_louvain_3	seurat-louvain_louvain_4	spaGCN_1	spaGCN_2	spaGCN_3	spaGCN_default
C57BL6J-638850_6600	lfbs	0.4272	0.4395	0.4292	0.4241	0.3993	0.416	0.394	0.3151	0.4149	0.4247	0.4247	0.4247	0.4732	0.4938	0.4552	0.4696	0.3069	0.4258	0.269	0.315	0.2867	0.4206	0.2867	0.4206	0.3065	0.3719	0.2708	0.3632	0.3519	0.3519	0.3708	0.3519	0.3152	0.2983	0.3177	0.2994	0.311	0.3119	0.3202	0.3031	0.3111	0.3268	0.3116	0.3268	0.309	0.3093	0.309	0.3093	0.3534	0.4218	0.4218	0.3534
C57BL6J-638850_6600	brain-unassigned	0.0091	0.0621	0.0566	0.0027	0.0003	0.1354	0.1438	0.0404	0.0298	0.0972	0.0972	0.0972	0.008	0.1538	0.0294	0.0006	0.0167	0.0047	0.0	0.0184	0.0005	0.0	0.0005	0.0	0.0917	0.0474	0.1374	0.1008	0.0277	0.0277	0.0218	0.0277	0.0496	0.0481	0.0491	0.0203	0.048	0.0482	0.0498	0.0068	0.0094	0.0081	0.0056	0.0081	0.0094	0.1048	0.0108	0.1048	0.056	0.1185	0.1185	0.056
C57BL6J-638850_6600	HY	0.7955	0.8008	0.7921	0.7565	0.6084	0.8053	0.4117	0.6212	0.5536	0.5098	0.5098	0.5098	0.5389	0.5072	0.4806	0.6078	0.5839	0.6716	0.8211	0.5709	0.8258	0.8257	0.8258	0.8257	0.6202	0.5455	0.6392	0.6488	0.5519	0.5519	0.5522	0.5519	0.5493	0.6326	0.5509	0.6324	0.5499	0.6291	0.5481	0.6289	0.4661	0.519	0.4663	0.519	0.466	0.5242	0.4661	0.5242	0.5984	0.391	0.391	0.5984
C57BL6J-638850_6600	Isocortex	0.5755	0.6006	0.6006	0.5633	0.5185	0.4845	0.5053	0.4466	0.3803	0.3624	0.3624	0.3624	0.4467	0.4358	0.3978	0.3985	0.4597	0.3214	0.5258	0.4658	0.5247	0.5174	0.5247	0.5174	0.3929	0.6351	0.4267	0.6267	0.4653	0.4653	0.47	0.4653	0.6202	0.6111	0.6258	0.6124	0.5866	0.5747	0.6239	0.5737	0.5283	0.6093	0.5286	0.6093	0.5291	0.6108	0.5282	0.6108	0.4906	0.5134	0.5134	0.4906
C57BL6J-638850_6600	V3	0.1128	0.1382	0.1409	0.0836	0.3258	0.3277	0.2306	0.255	0.0	0.0183	0.0183	0.0183	0.0	0.0	0.0	0.1503	0.0268	0.0	0.2514	0.2453	0.3142	0.0	0.3142	0.0	0.081	0.1199	0.003	0.1237	0.0063	0.0063	0.0065	0.0063	0.1347	0.1364	0.1347	0.1364	0.1347	0.1364	0.1344	0.1364	0.1364	0.1269	0.1364	0.1269	0.1364	0.1325	0.1361	0.1325	0.0	0.2847	0.2847	0.0
C57BL6J-638850_6600	mfbs	0.1734	0.1738	0.0168	0.1746	0.1093	0.3225	0.1453	0.3377	0.0603	0.0685	0.0685	0.0685	0.1229	0.1187	0.1199	0.1136	0.3413	0.141	0.4051	0.2297	0.4111	0.0133	0.4111	0.0133	0.2101	0.1777	0.3891	0.2075	0.0572	0.0572	0.0581	0.0572	0.065	0.08	0.0624	0.0797	0.0683	0.0627	0.0619	0.0652	0.0455	0.0425	0.0452	0.0425	0.0454	0.0606	0.0454	0.0606	0.0534	0.0573	0.0573	0.0534
C57BL6J-638850_6600	OLF	0.1343	0.1362	0.1366	0.1668	0.7647	0.7515	0.1156	0.5056	0.4992	0.4996	0.4996	0.4996	0.6128	0.6342	0.615	0.6354	0.6624	0.2212	0.1653	0.6733	0.1381	0.1436	0.1381	0.1436	0.1168	0.1089	0.1185	0.5085	0.4599	0.4599	0.4651	0.4599	0.4853	0.4529	0.4861	0.5016	0.49	0.4506	0.4847	0.0945	0.0998	0.0964	0.0998	0.0964	0.1	0.0665	0.0998	0.0665	0.4994	0.4971	0.4971	0.4994
C57BL6J-638850_6600	TH	0.5809	0.5825	0.5945	0.6553	0.5736	0.5503	0.5686	0.5883	0.5402	0.5792	0.5792	0.5792	0.6248	0.642	0.6051	0.6806	0.6566	0.6945	0.6993	0.5377	0.7313	0.6995	0.7313	0.6995	0.6424	0.6774	0.6656	0.8789	0.4519	0.4519	0.4569	0.4519	0.6025	0.5779	0.5974	0.5816	0.5956	0.4852	0.6009	0.5134	0.4712	0.4982	0.4715	0.4982	0.4718	0.4651	0.5738	0.4651	0.5405	0.6359	0.6359	0.5405
C57BL6J-638850_6600	CTXsp	0.574	0.5864	0.5739	0.5827	0.7683	0.6555	0.5955	0.4367	0.1053	0.1278	0.1278	0.1278	0.6653	0.6935	0.6553	0.6847	0.608	0.5691	0.5941	0.0718	0.5917	0.581	0.5917	0.581	0.5049	0.5186	0.559	0.1602	0.1111	0.1111	0.1109	0.1111	0.125	0.1176	0.1288	0.1141	0.1223	0.1057	0.1225	0.3344	0.0779	0.1125	0.0786	0.1125	0.0778	0.1199	0.0775	0.1199	0.125	0.1142	0.1142	0.125
C57BL6J-638850_6600	STR	0.5889	0.5426	0.5436	0.5958	0.5154	0.5625	0.5214	0.5598	0.4789	0.4846	0.4846	0.4846	0.4783	0.4793	0.4801	0.5026	0.4697	0.3444	0.5652	0.5459	0.5835	0.602	0.5835	0.602	0.5048	0.5301	0.5248	0.5264	0.4294	0.4294	0.4329	0.4294	0.4247	0.4279	0.4244	0.428	0.4259	0.4257	0.4248	0.4263	0.4198	0.419	0.4205	0.419	0.4289	0.4188	0.4196	0.4188	0.4279	0.4456	0.4456	0.4279
C57BL6J-638850_6600	VL	0.1785	0.1768	0.2745	0.1769	0.2775	0.0493	0.2201	0.224	0.2216	0.2352	0.2352	0.2352	0.0	0.0	0.0	0.0	0.01	0.2117	0.2158	0.0	0.2823	0.2831	0.2823	0.2831	0.0179	0.2223	0.2573	0.2743	0.2254	0.2254	0.2277	0.2254	0.2493	0.0	0.2474	0.0	0.1817	0.2023	0.2487	0.2507	0.2346	0.2309	0.1945	0.2309	0.238	0.2411	0.2379	0.2411	0.2441	0.1582	0.1582	0.2441
C57BL6J-638850_6600	HPF	0.4259	0.4331	0.4264	0.4446	0.5386	0.4909	0.5203	0.6585	0.5304	0.527	0.527	0.527	0.3396	0.3353	0.3302	0.3366	0.6108	0.3996	0.3954	0.5662	0.4139	0.4149	0.4139	0.4149	0.5408	0.7201	0.5681	0.7201	0.5061	0.5061	0.5098	0.5061	0.5178	0.3677	0.518	0.3656	0.5106	0.3652	0.5074	0.3667	0.3501	0.4268	0.3494	0.4268	0.4037	0.3357	0.3494	0.3357	0.3675	0.3631	0.3631	0.3675
C57BL6J-638850_6600	fiber tracts-unassigned	0.0	0.1825	0.1473	0.1735	0.175	0.1685	0.1524	0.1846	0.0602	0.0132	0.0132	0.0132	0.0	0.0	0.0	0.0	0.2409	0.139	0.1742	0.1163	0.1536	0.1555	0.1536	0.1555	0.1186	0.1594	0.1703	0.1607	0.03	0.03	0.0171	0.03	0.0938	0.1584	0.0938	0.1583	0.1588	0.0192	0.0936	0.0182	0.0112	0.0118	0.0112	0.0118	0.0112	0.0193	0.0106	0.0193	0.0169	0.0402	0.0402	0.0169
C57BL6J-638850_6600	MB	0.1894	0.1503	0.2266	0.1873	0.2159	0.1451	0.1476	0.0222	0.1479	0.1515	0.1515	0.1515	0.1479	0.1472	0.1441	0.1285	0.299	0.0021	0.2071	0.0013	0.1692	0.3287	0.1692	0.3287	0.0444	0.1799	0.2215	0.1943	0.0961	0.0961	0.0918	0.0961	0.0028	0.0	0.003	0.0	0.0025	0.004	0.0027	0.004	0.0027	0.0544	0.0027	0.0544	0.0027	0.0027	0.0	0.0027	0.0034	0.117	0.117	0.0034
C57BL6J-638850_6600	PAL	0.0083	0.0	0.0	0.0061	0.0	0.0	0.0	0.0	0.0	0.0	0.0	0.0	0.0	0.0	0.0	0.0	0.0	0.0023	0.0129	0.0	0.0056	0.0058	0.0056	0.0058	0.0	0.0075	0.0	0.0	0.0	0.0	0.0	0.0	0.0201	0.02	0.0203	0.02	0.021	0.0205	0.0207	0.0	0.0	0.0	0.0	0.0	0.0	0.0	0.0	0.0	0.0	0.0	0.0	0.0
C57BL6J-638850_6600	unassigned	0.0	0.0	0.0	0.0	0.125	0.1151	0.001	0.1498	0.0826	0.0005	0.0005	0.0005	0.1983	0.0	0.2069	0.2025	0.0296	0.0013	0.0	0.0464	0.0	0.0	0.0	0.0	0.1072	0.1575	0.0028	0.1118	0.1181	0.1181	0.1199	0.1181	0.0	0.0	0.0	0.0481	0.0	0.0	0.0	0.0	0.0	0.1195	0.0	0.1195	0.0	0.0	0.0	0.0	0.0	0.0	0.0	0.0
C57BL6J-638850_6600	eps	0.0	0.0	0.0	0.0	0.0	0.0	0.0	0.0	0.0	0.0	0.0	0.0	0.0	0.0	0.0	0.0	0.0	0.0	0.0	0.0	0.0	0.0	0.0	0.0	0.0	0.0	0.0	0.0	0.0	0.0	0.0	0.0	0.0	0.0	0.0	0.0	0.0	0.0	0.0	0.0	0.0	0.0	0.0	0.0	0.0	0.0	0.0	0.0	0.0	0.0	0.0	0.0
C57BL6J-638850_6600	cm	0.0	0.0034	0.0031	0.0	0.0057	0.0	0.0	0.0018	0.0034	0.0127	0.0127	0.0127	0.0011	0.0	0.0	0.0	0.0	0.0	0.0	0.0	0.0	0.0	0.0	0.0	0.0277	0.0322	0.0	0.0134	0.009	0.009	0.0259	0.009	0.0179	0.0137	0.0179	0.0137	0.019	0.0034	0.0181	0.0024	0.0064	0.0064	0.0065	0.0064	0.0065	0.0055	0.0064	0.0055		0.0058	0.0058	
C57BL6J-638850_6600	scwm	0.0	0.0	0.0	0.0	0.1312	0.0988	0.1901	0.0873	0.0899	0.0867	0.0867	0.0867	0.0843	0.0913	0.0907	0.0897	0.0	0.035	0.1454	0.1835	0.0139	0.0118	0.0139	0.0118	0.0706	0.0694	0.1011	0.0701	0.0753	0.0753	0.0762	0.0753	0.0672	0.0708	0.0681	0.0703	0.067	0.0686	0.0656	0.0692	0.0636	0.0234	0.0692	0.0234	0.0639	0.0201	0.0696	0.0201		0.045	0.045	
C57BL6J-638850_6400	MB	0.7491	0.7536	0.7528	0.7965	0.8126	0.3876	0.8085	0.4827	0.3878	0.3677	0.3677	0.3677	0.003	0.4003	0.0017	0.2957	0.8511	0.4252	0.5588		0.3223	0.3092	0.3223	0.3092	0.013	0.3435	0.0077	0.369	0.3352	0.3352	0.3382	0.3352	0.1456	0.236	0.1475	0.3724	0.1419	0.2544	0.1471	0.3882	0.0758	0.1419	0.0758	0.1419	0.0777	0.0786	0.0775	0.0786	0.218	0.4471	0.4471	0.218
C57BL6J-638850_6400	lfbs	0.4325	0.4192	0.4329	0.3374	0.4681	0.5072	0.483	0.4636	0.3762	0.3774	0.3774	0.3774	0.4259	0.4287	0.4268	0.4423	0.4821	0.4082	0.1019		0.3174	0.2967	0.3174	0.2967	0.3616	0.4372	0.4322	0.3119	0.3197	0.3197	0.3365	0.3197	0.2495	0.257	0.2556	0.2563	0.251	0.2576	0.2591	0.2546	0.2519	0.2391	0.2527	0.2391	0.2533	0.2524	0.2534	0.2524	0.3315	0.3229	0.3229	0.3315
C57BL6J-638850_6400	brain-unassigned	0.0	0.0072	0.0	0.008	0.1149	0.099	0.0074	0.0021	0.0864	0.0871	0.0871	0.0871	0.0064	0.1259	0.0063	0.0	0.0073	0.0074	0.0158		0.0046	0.0005	0.0046	0.0005	0.0071	0.1154	0.1645	0.1372	0.0073	0.0073	0.0072	0.0073	0.0071	0.0072	0.0071	0.017	0.0071	0.0544	0.0071	0.0071	0.007	0.099	0.007	0.099	0.0055	0.0782	0.0054	0.0782	0.0544	0.1088	0.1088	0.0544
C57BL6J-638850_6400	Isocortex	0.5968	0.5684	0.5913	0.5523	0.6263	0.5086	0.5322	0.4323	0.5026	0.5018	0.5018	0.5018	0.4687	0.4354	0.462	0.4132	0.5334	0.3719	0.6103		0.545	0.535	0.545	0.535	0.4913	0.6424	0.528	0.6444	0.503	0.503	0.505	0.503	0.4991	0.5493	0.5859	0.5501	0.5836	0.5717	0.5847	0.5199	0.4833	0.5588	0.5148	0.5588	0.514	0.6113	0.5132	0.6113	0.4801	0.459	0.459	0.4801
C57BL6J-638850_6400	HY	0.8723	0.7967	0.8366	0.8006	0.6147	0.7054	0.6169	0.7045	0.4827	0.4988	0.4988	0.4988	0.6353	0.7722	0.6439	0.5535	0.8023	0.3504	0.7464		0.7614	0.7667	0.7614	0.7667	0.6921	0.4891	0.7138	0.508	0.3753	0.3753	0.3787	0.3753	0.5581	0.6303	0.558	0.6291	0.5557	0.6266	0.5573	0.6269	0.5514	0.5247	0.5512	0.5247	0.5532	0.5509	0.5516	0.5509	0.6022	0.576	0.576	0.6022
C57BL6J-638850_6400	OLF	0.1233	0.0888	0.1228	0.1595	0.1125	0.5591	0.1255	0.3687	0.1172	0.1173	0.1173	0.1173	0.0266	0.141	0.0222	0.1098	0.0	0.1518	0.0572		0.1721	0.1588	0.1721	0.1588	0.1092	0.1349	0.1461	0.1255	0.0656	0.0656	0.0654	0.0656	0.0889	0.0896	0.0891	0.0925	0.089	0.3739	0.0895	0.1027	0.0877	0.0836	0.0877	0.0836	0.0879	0.0615	0.0884	0.0615	0.1031	0.105	0.105	0.1031
C57BL6J-638850_6400	scwm	0.0475	0.0	0.0781	0.0	0.049	0.1023	0.1271	0.0997	0.0454	0.0452	0.0452	0.0452	0.0676	0.0717	0.0664	0.0003	0.051	0.0	0.0		0.0681	0.021	0.0681	0.021	0.0248	0.0494	0.0003	0.051	0.0387	0.0387	0.0394	0.0387	0.0528	0.0553	0.0524	0.0549	0.0521	0.0546	0.0539	0.0543	0.0071	0.0138	0.0518	0.0138	0.0521	0.0101	0.0521	0.0101	0.0478	0.0002	0.0002	0.0478
C57BL6J-638850_6400	CTXsp	0.5327	0.6008	0.5321	0.6081	0.6142	0.442	0.5495	0.2624	0.3644	0.3644	0.3644	0.3644	0.5757	0.5714	0.5643	0.4037	0.501	0.5375	0.6454		0.5778	0.5104	0.5778	0.5104	0.4967	0.5048	0.531	0.4849	0.3685	0.3685	0.3722	0.3685	0.1172	0.3725	0.362	0.3724	0.3588	0.1424	0.362	0.3706	0.2663	0.1329	0.1158	0.1329	0.1035	0.118	0.0986	0.118	0.3875	0.3799	0.3799	0.3875
C57BL6J-638850_6400	TH	0.6794	0.673	0.6851	0.6737	0.6578	0.6598	0.6451	0.6576	0.6222	0.6734	0.6734	0.6734	0.6648	0.6758	0.6676	0.6739	0.6254	0.6646	0.683		0.6877	0.6869	0.6877	0.6869	0.6499	0.6725	0.6668	0.6681	0.5405	0.5405	0.5438	0.5405	0.379	0.5967	0.3794	0.3737	0.3708	0.5612	0.3728	0.3742	0.3767	0.3847	0.3767	0.3847	0.3754	0.3651	0.3754	0.3651	0.5777	0.5285	0.5285	0.5777
C57BL6J-638850_6400	cm	0.0154	0.0	0.0	0.0141	0.0	0.0	0.0	0.0006	0.0046	0.0053	0.0053	0.0053	0.0	0.0	0.0	0.0	0.1102	0.0	0.0234		0.0	0.0	0.0	0.0	0.0	0.0177	0.0	0.0234	0.0139	0.0139	0.0141	0.0139	0.0122	0.0	0.0121	0.0	0.0123	0.0102	0.0121	0.0	0.0	0.0	0.0	0.0	0.0106	0.0	0.0106	0.0	0.0008	0.0	0.0	0.0008
C57BL6J-638850_6400	V3	0.2514	0.246	0.247	0.0736	0.247	0.2428	0.2516	0.244	0.2486	0.2474	0.2474	0.2474	0.0	0.0	0.0104	0.0081	0.0302	0.236	0.3659		0.1299	0.4274	0.1299	0.4274	0.2853	0.2863	0.2836	0.2812	0.0006	0.0006	0.0006	0.0006	0.3111	0.3158	0.3109	0.3144	0.3098	0.3117	0.3066	0.3145	0.0	0.3018	0.0	0.3018	0.0	0.0055	0.0	0.0055	0.2797	0.283	0.283	0.2797
C57BL6J-638850_6400	HPF	0.4162	0.3747	0.4165	0.4215	0.5026	0.5344	0.405	0.4008	0.4116	0.4109	0.4109	0.4109	0.3682	0.4056	0.3592	0.4054	0.6948	0.4185	0.459		0.4268	0.4173	0.4268	0.4173	0.4305	0.444	0.4536	0.6837	0.3899	0.3899	0.3953	0.3899	0.3727	0.2154	0.3828	0.3677	0.376	0.3671	0.3878	0.3833	0.3509	0.3226	0.3507	0.3226	0.3487	0.3284	0.3486	0.3284	0.3446	0.3774	0.3774	0.3446
C57BL6J-638850_6400	fiber tracts-unassigned	0.0	0.0	0.0395	0.0127	0.1649	0.0743	0.1624	0.2068	0.0141	0.0143	0.0143	0.0143	0.0	0.0	0.0	0.0	0.3689	0.0	0.3328		0.1738	0.1701	0.1738	0.1701	0.2647	0.0661	0.3192	0.0301	0.0328	0.0328	0.0312	0.0328	0.0213	0.0234	0.0223	0.0146	0.0243	0.0229	0.0205	0.0156	0.0228	0.0218	0.0182	0.0218	0.0257	0.0183	0.0254	0.0183	0.0184	0.0225	0.0225	0.0184
C57BL6J-638850_6400	eps	0.0	0.0	0.0	0.0	0.0	0.0	0.0	0.0	0.0	0.0	0.0	0.0	0.0	0.0	0.0	0.0	0.0285	0.0	0.0		0.0	0.0	0.0	0.0	0.0	0.0	0.0	0.0	0.0004	0.0004	0.0004	0.0004	0.0	0.0	0.0	0.0	0.0	0.0	0.0	0.0		0.0	0.0	0.0	0.0	0.0	0.0	0.0	0.0	0.0	0.0	0.0
C57BL6J-638850_6400	STR	0.256	0.5433	0.5407	0.4821	0.5382	0.4144	0.541	0.51	0.3128	0.3145	0.3145	0.3145	0.3379	0.4409	0.4271	0.4491	0.3809	0.6091	0.4649		0.4194	0.4177	0.4194	0.4177	0.3412	0.3594	0.3654	0.0521	0.2821	0.2821	0.2842	0.2821	0.2712	0.2778	0.2744	0.2753	0.2746	0.2766	0.2774	0.2752	0.2748	0.2737	0.3398	0.2737	0.3391	0.2577	0.3377	0.2577	0.2845	0.2259	0.2259	0.2845
C57BL6J-638850_6400	VL	0.3179	0.3173	0.3173	0.2944	0.3237	0.326	0.3225	0.3246	0.3217	0.3218	0.3218	0.3218	0.3262	0.3282	0.3249	0.3272	0.1885	0.3151	0.3421		0.337	0.3461	0.337	0.3461	0.3161	0.3204	0.3212	0.3208	0.292	0.292	0.2915	0.292	0.3143	0.3188	0.3179	0.3189	0.3175	0.3192	0.3174	0.3192	0.28	0.3232	0.2764	0.3232	0.2815	0.2792	0.2868	0.2792	0.3198	0.318	0.318	0.3198
C57BL6J-638850_6400	unassigned	0.0049	0.0013	0.0049	0.0	0.1146	0.0	0.0008	0.0	0.0008	0.0011	0.0011	0.0011	0.1361	0.0	0.1936	0.1467	0.1315	0.0	0.156		0.0	0.0	0.0	0.0	0.116	0.0	0.0	0.1116	0.116	0.116	0.1168	0.116	0.0	0.0	0.0014	0.0	0.0015	0.0014	0.0011	0.0014	0.0	0.0	0.0009	0.0	0.0	0.0	0.0	0.0	0.0033	0.0	0.0	0.0033
C57BL6J-638850_6400	mfbs	0.0822	0.0822	0.0829	0.0811	0.0509	0.0762	0.0789	0.0816	0.057	0.0609	0.0609	0.0609	0.0806	0.0807	0.0801	0.0817	0.0443	0.0805	0.2786		0.0828	0.0838	0.0828	0.0838	0.0482	0.0445	0.0322	0.2844	0.0619	0.0619	0.0628	0.0619	0.0813	0.0783	0.0686	0.0704	0.0735	0.0743	0.0745	0.0426	0.0461	0.0345	0.0461	0.0345	0.0519	0.0463	0.0519	0.0463	0.0792	0.0407	0.0407	0.0792
C57BL6J-638850_8000	Isocortex	0.5402	0.5028	0.5214	0.5539	0.3746	0.3676	0.3817	0.3986	0.3323	0.4191	0.4191	0.4191	0.4253	0.4119	0.4123	0.419	0.537	0.3662	0.6168		0.6136	0.5122	0.6136	0.5122	0.5675	0.5995	0.406	0.5865	0.2867	0.2867	0.2916	0.2867	0.4514	0.5252	0.4512	0.5254	0.4476	0.4793	0.4486	0.4812	0.4456	0.6798	0.4371	0.6798	0.5734	0.5294	0.5754	0.5294	0.5086	0.4545	0.4545	0.5086
C57BL6J-638850_8000	mfbs	0.3921	0.4025	0.4046	0.4019	0.3924	0.275	0.3977	0.415	0.3207	0.3222	0.3222	0.3222	0.3893	0.4037	0.3954	0.4191	0.4056	0.4007	0.3785		0.4361	0.4326	0.4361	0.4326	0.2957	0.4417	0.435	0.4122	0.2459	0.2459	0.2489	0.2459	0.2328	0.2292	0.2307	0.2297	0.2331	0.2305	0.2331	0.2339	0.2255	0.2302	0.2246	0.2302	0.2221	0.2215	0.225	0.2215	0.2698	0.3191	0.3191	0.2698
C57BL6J-638850_8000	STR	0.8583	0.8738	0.8682	0.8672	0.8377	0.8159	0.8175	0.8324	0.6841	0.6873	0.6873	0.6873	0.7274	0.7329	0.7343	0.8142	0.5771	0.7284	0.8704		0.8629	0.8721	0.8629	0.8721	0.806	0.8679	0.8688	0.868	0.5423	0.5423	0.5466	0.5423	0.7123	0.7068	0.7134	0.7092	0.705	0.7132	0.7121	0.7089	0.5392	0.6487	0.5824	0.6487	0.7129	0.5893	0.7065	0.5893	0.785	0.7813	0.7813	0.785
C57BL6J-638850_8000	scwm	0.074	0.0815	0.0713	0.0749	0.0745	0.0855	0.2519	0.0896	0.0114	0.0355	0.0355	0.0355	0.0	0.0	0.0654	0.0677	0.0839	0.0871	0.0		0.1133	0.0806	0.1133	0.0806	0.0188	0.0003	0.0008	0.0	0.0582	0.0582	0.0592	0.0582	0.0076	0.0137	0.0072	0.0137	0.0	0.0139	0.0	0.0137	0.0065	0.0075	0.0065	0.0075	0.0065	0.0081	0.0567	0.0081	0.0	0.0598	0.0598	0.0
C57BL6J-638850_8000	unassigned	0.1097	0.1257	0.1206	0.1448	0.1445	0.1447	0.1434	0.0021	0.0003	0.0003	0.0003	0.0003	0.1094	0.171	0.1691	0.1334	0.0124	0.1451	0.1563		0.1232	0.1274	0.1232	0.1274	0.1178	0.2136	0.1209	0.1469	0.0004	0.0004	0.0004	0.0004	0.0545	0.0	0.0552	0.0	0.0546	0.0552	0.0542	0.0073	0.1377	0.0	0.052	0.0	0.0	0.0	0.0052	0.0	0.0546	0.1422	0.1422	0.0546
C57BL6J-638850_8000	HY	0.8052	0.7963	0.7934	0.7021	0.5747	0.77	0.7592	0.7099	0.6819	0.621	0.621	0.621	0.7695	0.7581	0.7513	0.7855	0.7324	0.8455	0.7374		0.8024	0.7202	0.8024	0.7202	0.7229	0.7944	0.7887	0.8357	0.6122	0.6122	0.6211	0.6122	0.4784	0.5225	0.4785	0.5229	0.4881	0.5219	0.4798	0.5187	0.385	0.321	0.3838	0.321	0.3847	0.3463	0.5099	0.3463	0.5019	0.5043	0.5043	0.5019
C57BL6J-638850_8000	PAL	0.7286	0.7296	0.7242	0.6219	0.569	0.5798	0.4347	0.5321	0.2124	0.2077	0.2077	0.2077	0.5176	0.4765	0.6804	0.5651	0.3277	0.6366	0.5494		0.681	0.5996	0.681	0.5996	0.4878	0.6417	0.6865	0.6233	0.1713	0.1713	0.175	0.1713	0.1522	0.1497	0.1523	0.1494	0.152	0.1503	0.1516	0.1477	0.1895	0.1633	0.1893	0.1633	0.1743	0.1556	0.1481	0.1556	0.2717	0.2504	0.2504	0.2717
C57BL6J-638850_8000	lfbs	0.013	0.0121	0.0122	0.2197	0.1575	0.0289	0.1722	0.1993	0.0759	0.0571	0.0571	0.0571	0.0525	0.1683	0.0672	0.1396	0.2004	0.0847	0.0009		0.1263	0.013	0.1263	0.013	0.2794	0.3745	0.3705	0.3184	0.0468	0.0468	0.0479	0.0468	0.0311	0.0307	0.0317	0.0308	0.0373	0.0356	0.0315	0.0407	0.0952	0.1689	0.0966	0.1689	0.0961	0.0388	0.043	0.0388	0.0993	0.174	0.174	0.0993
C57BL6J-638850_8000	fiber tracts-unassigned	0.0	0.0	0.0	0.0	0.0285	0.0	0.0	0.0244	0.0164	0.0196	0.0196	0.0196	0.0235	0.0191	0.0205	0.0222	0.0	0.0221	0.0		0.0	0.0	0.0	0.0	0.0218	0.0733	0.0216	0.0017	0.0143	0.0143	0.0147	0.0143	0.0153	0.0131	0.0162	0.0139	0.0153	0.0155	0.0154	0.0129	0.0	0.0158	0.0	0.0158	0.0	0.0154	0.0149	0.0154	0.0163	0.0063	0.0063	0.0163
C57BL6J-638850_8000	OLF	0.4735	0.5387	0.4776	0.518	0.6406	0.656	0.6696	0.6191	0.5578	0.536	0.536	0.536	0.5527	0.533	0.5668	0.5343	0.4036	0.6581	0.528		0.5538	0.5736	0.5538	0.5736	0.6055	0.578	0.6108	0.4673	0.523	0.523	0.5319	0.523	0.5279	0.1125	0.5304	0.1067	0.5689	0.5616	0.5336	0.2617	0.2274	0.1105	0.2348	0.1105	0.1128	0.1111	0.1118	0.1111	0.5684	0.5291	0.5291	0.5684
C57BL6J-638850_8000	CTXsp	0.2051	0.2269	0.2044	0.2298	0.1691	0.1742	0.128	0.169	0.1041	0.0631	0.0631	0.0631	0.0687	0.0278	0.1646	0.007	0.1667	0.2691	0.2217		0.4133	0.4098	0.4133	0.4098	0.0789	0.3934	0.3853	0.2082	0.0624	0.0624	0.0626	0.0624	0.0589	0.0783	0.059	0.0786	0.038	0.0262	0.0361	0.0288	0.0356	0.0326	0.0664	0.0326	0.0663	0.0803	0.0404	0.0803	0.0285	0.0479	0.0479	0.0285
C57BL6J-638850_8000	V3	0.2297	0.2389	0.2378	0.0629	0.2206	0.1395	0.0614	0.1937	0.1371	0.1364	0.1364	0.1364	0.1464	0.2322	0.2394	0.1487	0.0	0.0	0.1596		0.1309	0.1279	0.1309	0.1279	0.2478	0.2592	0.2593	0.2606	0.1361	0.1361	0.1387	0.1361	0.2568	0.2706	0.2568	0.2654	0.2532	0.2615	0.2551	0.2551	0.015	0.015	0.014	0.015	0.0144	0.0129	0.0126	0.0129	0.2765	0.2797	0.2797	0.2765
C57BL6J-638850_8000	HPF	0.0	0.0	0.0	0.0	0.0	0.3459	0.0	0.0	0.0272	0.0339	0.0339	0.0339	0.0258	0.0	0.0206	0.0308	0.0	0.0	0.0		0.0	0.0	0.0	0.0	0.0325	0.0065	0.0	0.0352	0.0188	0.0188	0.0182	0.0188	0.0236	0.0238	0.0228	0.0238	0.0116	0.0111	0.0254	0.0229	0.023	0.0206	0.0308	0.0206	0.0301	0.029	0.0783	0.029	0.0255	0.0149	0.0149	0.0255
C57BL6J-638850_8000	VL	0.4976	0.4944	0.4913	0.4186	0.503	0.5044	0.5054	0.5087	0.4991	0.4994	0.4994	0.4994	0.5001	0.5075	0.5	0.5048	0.4505	0.5178	0.4845		0.5278	0.5298	0.5278	0.5298	0.4982	0.499	0.5	0.4999	0.4942	0.4942	0.4942	0.4942	0.4985	0.4995	0.4982	0.4994	0.4981	0.4987	0.499	0.498	0.4868	0.4965	0.4867	0.4965	0.487	0.4951	0.4862	0.4951	0.4928	0.4942	0.4942	0.4928
C57BL6J-638850_8000	brain-unassigned	0.0475	0.0493	0.0446	0.0796	0.0	0.0	0.0672	0.0048	0.0	0.0042	0.0042	0.0042	0.0072	0.0021	0.0	0.0072	0.0081	0.0041	0.0		0.0132	0.013	0.0132	0.013	0.0	0.0068	0.0526	0.0336	0.0019	0.0019	0.0019	0.0019	0.0	0.0017	0.0	0.0017	0.0	0.0061	0.0	0.0017	0.015	0.0013	0.015	0.0013	0.0151	0.001	0.0	0.001	0.0	0.0059	0.0059	0.0
C57BL6J-638850_8000	TH	0.5009	0.4981	0.5025	0.4982	0.709	0.6933	0.4836	0.6955	0.672	0.6705	0.6705	0.6705	0.4416	0.6591	0.7133	0.4723	0.6492	0.6779	0.7484		0.4943	0.4998	0.4943	0.4998	0.7068	0.7319	0.7315	0.7298	0.5743	0.5743	0.5832	0.5743	0.5252	0.4612	0.5249	0.461	0.5207	0.4587	0.5226	0.4592	0.266	0.4308	0.2716	0.4308	0.2662	0.441	0.5177	0.441	0.5904	0.5794	0.5794	0.5904
C57BL6J-638850_8000	cm	0.0	0.0	0.0	0.0	0.021	0.0	0.0	0.0	0.0	0.0	0.0	0.0	0.0	0.0	0.0	0.0	0.0175	0.0	0.0005		0.0	0.0	0.0	0.0	0.0	0.0	0.0	0.0055	0.0	0.0	0.0	0.0	0.0	0.0	0.0	0.0	0.0	0.0	0.0	0.0	0.0	0.0838	0.0	0.0838	0.0	0.0837	0.0	0.0837	0.0	0.0	0.0	0.0
C57BL6J-638850_7200	lfbs	0.4321	0.4364	0.4297	0.457	0.4084	0.3915	0.4324	0.3968	0.4426	0.4396	0.4396	0.4396	0.5056	0.5418	0.501	0.5193	0.1603	0.539	0.3155		0.2817	0.3264	0.2817	0.3264	0.3281	0.3414	0.347	0.433	0.3449	0.3449	0.3561	0.3449	0.3203	0.2994	0.3203	0.2995	0.3132	0.2967	0.3146	0.3168	0.3085	0.3256	0.3091	0.3256	0.308	0.3075	0.3082	0.3075	0.3607	0.4309	0.4309	0.3607
C57BL6J-638850_7200	HY	0.9186	0.9168	0.9162	0.9212	0.9128	0.9171	0.9143	0.8841	0.4691	0.4675	0.4675	0.4675	0.7762	0.8121	0.8888	0.8551	0.8703	0.5747	0.7615		0.9139	0.913	0.9139	0.913	0.6008	0.8802	0.6125	0.523	0.4784	0.4784	0.4799	0.4784	0.4464	0.1412	0.4462	0.6136	0.6162	0.1375	0.5119	0.439	0.1361	0.4681	0.1394	0.4681	0.1364	0.1352	0.1363	0.1352	0.4814	0.4131	0.4131	0.4814
C57BL6J-638850_7200	CTXsp	0.2655	0.172	0.172	0.2534	0.4653	0.344	0.4388	0.2826	0.1267	0.2077	0.2077	0.2077	0.3139	0.198	0.3227	0.3231	0.3574	0.2988	0.3626		0.2566	0.2575	0.2566	0.2575	0.0746	0.3194	0.2344	0.0935	0.1087	0.1087	0.1124	0.1087	0.0632	0.0516	0.0629	0.0513	0.0588	0.0394	0.0612	0.045	0.0624	0.0616	0.0389	0.0616	0.0639	0.0632	0.038	0.0632	0.1056	0.2129	0.2129	0.1056
C57BL6J-638850_7200	Isocortex	0.4988	0.4632	0.5036	0.4231	0.5341	0.4639	0.4843	0.3615	0.3921	0.4332	0.4332	0.4332	0.438	0.3896	0.36	0.4418	0.4333	0.3517	0.5143		0.4676	0.468	0.4676	0.468	0.6033	0.5652	0.6311	0.6349	0.3379	0.3379	0.3403	0.3379	0.5879	0.5701	0.5919	0.5713	0.4354	0.578	0.5817	0.5864	0.5755	0.6518	0.5613	0.6518	0.5608	0.6564	0.5591	0.6564	0.4889	0.3961	0.3961	0.4889
C57BL6J-638850_7200	TH	0.8609	0.8613	0.8608	0.8561	0.8609	0.5932	0.8595	0.8599	0.5605	0.5606	0.5606	0.5606	0.8481	0.7005	0.6416	0.5237	0.7091	0.5577	0.8492		0.857	0.8612	0.857	0.8612	0.5973	0.8521	0.6176	0.8526	0.581	0.581	0.5851	0.581	0.5783	0.5683	0.5814	0.5687	0.5638	0.5679	0.5732	0.5653	0.5557	0.573	0.5561	0.573	0.5551	0.5522	0.5541	0.5522	0.6133	0.6167	0.6167	0.6133
C57BL6J-638850_7200	scwm	0.0386	0.0468	0.0	0.0631	0.0	0.0487	0.1219	0.1537	0.0879	0.0955	0.0955	0.0955	0.1089	0.0	0.0898	0.1013	0.1451	0.0966	0.0425		0.0538	0.0425	0.0538	0.0425	0.087	0.0	0.0982	0.0	0.0807	0.0807	0.0821	0.0807	0.0792	0.0796	0.0789	0.0797	0.0774	0.0876	0.074	0.0783	0.0811	0.0237	0.0733	0.0237	0.0729	0.0405	0.0726	0.0405	0.0171	0.0756	0.0756	0.0171
C57BL6J-638850_7200	mfbs	0.0043	0.0438	0.0424	0.0278	0.0161	0.0728	0.0161	0.0206	0.0512	0.0528	0.0528	0.0528	0.0533	0.0433	0.0	0.0267	0.2468	0.0518	0.2429		0.2396	0.2868	0.2396	0.2868	0.2246	0.3299	0.3238	0.3399	0.0501	0.0501	0.0505	0.0501	0.048	0.0181	0.0483	0.0181	0.0475	0.0216	0.0466	0.0467	0.0483	0.0366	0.0482	0.0366	0.0489	0.0387	0.0486	0.0387	0.0491	0.0263	0.0263	0.0491
C57BL6J-638850_7200	PAL	0.2345	0.2436	0.2375	0.2578	0.4076	0.4	0.4425	0.4201	0.08	0.079	0.079	0.079	0.2719	0.3237	0.1294	0.2958	0.2355	0.0	0.0677		0.2989	0.2328	0.2989	0.2328	0.3221	0.2188	0.5011	0.1712	0.0802	0.0802	0.0854	0.0802	0.0616	0.0519	0.0597	0.0656	0.0622	0.0243	0.0594	0.0629	0.0348	0.0577	0.0684	0.0577	0.0349	0.0349	0.0682	0.0349	0.1188	0.1064	0.1064	0.1188
C57BL6J-638850_7200	unassigned	0.156	0.1504	0.1605	0.2506	0.1051	0.0934	0.1092	0.1588	0.004	0.004	0.004	0.004	0.356	0.3125	0.0	0.0787	0.0432	0.2476	0.2564		0.2301	0.2218	0.2301	0.2218	0.0175	0.2359	0.0395	0.2064	0.0004	0.0004	0.0004	0.0004	0.0	0.0126	0.2279	0.0127	0.2333	0.0126	0.2264	0.0127	0.0	0.207	0.0	0.207	0.0	0.2037	0.0	0.2037	0.2208	0.195	0.195	0.2208
C57BL6J-638850_7200	STR	0.4968	0.6029	0.5998	0.4906	0.5121	0.5075	0.5189	0.6046	0.5827	0.5832	0.5832	0.5832	0.607	0.6293	0.6047	0.6132	0.4357	0.5941	0.3991		0.4027	0.4177	0.4027	0.4177	0.602	0.6253	0.6382	0.6373	0.5011	0.5011	0.5048	0.5011	0.4528	0.5191	0.451	0.6393	0.6357	0.4332	0.4639	0.4332	0.5164	0.4712	0.5174	0.4712	0.5116	0.5177	0.5159	0.5177	0.5135	0.5073	0.5073	0.5135
C57BL6J-638850_7200	HPF	0.5666	0.5668	0.5658	0.7012	0.5321	0.7087	0.5277	0.4495	0.5389	0.5394	0.5394	0.5394	0.5277	0.5447	0.5287	0.5437	0.7149	0.5514	0.54		0.6235	0.6315	0.6235	0.6315	0.5119	0.5306	0.5329	0.5217	0.5037	0.5037	0.506	0.5037	0.5095	0.5144	0.5095	0.5145	0.522	0.5117	0.5101	0.5123	0.4882	0.4793	0.5108	0.4793	0.4877	0.4829	0.4881	0.4829	0.4753	0.4752	0.4752	0.4753
C57BL6J-638850_7200	OLF	0.3264	0.3284	0.2443	0.1799	0.6476	0.4897	0.6324	0.3462	0.5072	0.3381	0.3381	0.3381	0.5505	0.4428	0.3662	0.5236	0.3914	0.501	0.3419		0.4125	0.336	0.4125	0.336	0.3747	0.3822	0.3666	0.1485	0.4915	0.4915	0.4983	0.4915	0.0967	0.0969	0.0709	0.097	0.1542	0.0956	0.0716	0.0949	0.0727	0.0727	0.0962	0.0727	0.0962	0.0726	0.0961	0.0726	0.4705	0.0862	0.0862	0.4705
C57BL6J-638850_7200	fiber tracts-unassigned	0.0	0.0	0.0	0.0	0.0005	0.0	0.0014	0.0	0.0194	0.0181	0.0181	0.0181	0.0	0.0	0.0	0.0	0.0	0.0	0.0737		0.0	0.0	0.0	0.0	0.0218	0.002	0.0336	0.0208	0.0086	0.0086	0.0085	0.0086	0.0146	0.0149	0.0146	0.0	0.0145	0.0148	0.0145	0.0146	0.0159	0.0152	0.0159	0.0152	0.0145	0.0147	0.0159	0.0147	0.0	0.0	0.0	0.0
C57BL6J-638850_7200	eps	0.0	0.0	0.0	0.0	0.0	0.0	0.0	0.0	0.0	0.0	0.0	0.0	0.0	0.0	0.0	0.0	0.0	0.0	0.0		0.0	0.0	0.0	0.0	0.0	0.0	0.0	0.0	0.0	0.0	0.0	0.0	0.0	0.0	0.0	0.0	0.0	0.0	0.0	0.0	0.0	0.0	0.0	0.0	0.0	0.0	0.0	0.0	0.0	0.0	0.0	0.0
C57BL6J-638850_7200	cm	0.0	0.0	0.0	0.0	0.0	0.0	0.0	0.0	0.0	0.0	0.0	0.0	0.0	0.0	0.0	0.0	0.0	0.0	0.0		0.0	0.0	0.0	0.0	0.0093	0.0	0.0	0.0039	0.0159	0.0159	0.0164	0.0159	0.0083	0.0	0.0103	0.0	0.0102	0.0	0.0096	0.01	0.0	0.0091	0.0	0.0091	0.0	0.0	0.0	0.0	0.016	0.0	0.0	0.016
C57BL6J-638850_7200	VL	0.4827	0.4852	0.4732	0.4288	0.3603	0.3368	0.2841	0.2487	0.158	0.1578	0.1578	0.1578	0.2642	0.2935	0.4717	0.2265	0.3412	0.1894	0.0327		0.0123	0.0123	0.0123	0.0123	0.2156	0.4967	0.2332	0.4984	0.1848	0.1848	0.1882	0.1848	0.5016	0.5004	0.502	0.4996	0.5018	0.4967	0.5025	0.5002	0.1946	0.4972	0.4931	0.4972	0.4941	0.4913	0.4933	0.4913	0.4956	0.4351	0.4351	0.4956
C57BL6J-638850_7200	V3	0.0714	0.3083	0.0	0.3029	0.1078	0.1036	0.0834	0.0	0.0608	0.0628	0.0628	0.0628	0.0	0.0	0.0455	0.0	0.243	0.062	0.2521		0.0753	0.0723	0.0753	0.0723	0.0509	0.0335	0.0617	0.0356	0.066	0.066	0.0659	0.066	0.0326	0.0	0.0326	0.0	0.0329	0.0333	0.0325	0.0335	0.0361	0.0337	0.036	0.0337	0.035	0.0335	0.0354	0.0335	0.0365	0.0375	0.0375	0.0365
C57BL6J-638850_7200	brain-unassigned	0.0	0.0	0.0	0.0509	0.0023	0.0079	0.0	0.0	0.0063	0.0063	0.0063	0.0063	0.0	0.0212	0.0135	0.0127	0.0293	0.0091	0.0		0.0015	0.0	0.0015	0.0	0.0163	0.0255	0.0188	0.0791	0.0045	0.0045	0.0045	0.0045	0.0078	0.0006	0.0006	0.0103	0.0008	0.0006	0.0006	0.0006	0.0012	0.0104	0.0012	0.0104	0.0012	0.0104	0.0012	0.0104	0.0206	0.0064	0.0064	0.0206
C57BL6J-638850_6800	lfbs	0.5679	0.5657	0.5611	0.569	0.5175	0.5011	0.5108	0.4879	0.4798	0.491	0.491	0.491	0.5616	0.5696	0.4641	0.5051	0.4453	0.5746	0.4438		0.4649	0.4203	0.4649	0.4203	0.5013	0.4426	0.5537	0.4831	0.3754	0.3754	0.395	0.3754	0.3511	0.3333	0.3428	0.3284	0.3477	0.3536	0.349	0.3553	0.3468	0.3387	0.3467	0.3387	0.347	0.3397	0.3472	0.3397	0.3914	0.4033	0.4033	0.3914
C57BL6J-638850_6800	TH	0.8579	0.8747	0.8564	0.6209	0.8295	0.5366	0.5752	0.8577	0.5478	0.5355	0.5355	0.5355	0.5035	0.5631	0.5156	0.5699	0.6314	0.5726	0.6009		0.8552	0.8561	0.8552	0.8561	0.6122	0.8715	0.6325	0.87	0.4009	0.4009	0.4167	0.4009	0.5464	0.5376	0.548	0.5432	0.5428	0.5347	0.5434	0.5388	0.5362	0.5307	0.5355	0.5307	0.5347	0.5293	0.5364	0.5293	0.6209	0.6222	0.6222	0.6209
C57BL6J-638850_6800	Isocortex	0.6075	0.5966	0.6321	0.5206	0.4964	0.4301	0.5309	0.44	0.4906	0.3945	0.3945	0.3945	0.4414	0.4203	0.4425	0.419	0.4889	0.37	0.4337		0.5209	0.5064	0.5209	0.5064	0.4655	0.5857	0.5301	0.5884	0.4754	0.4754	0.4777	0.4754	0.5369	0.5762	0.5365	0.577	0.4603	0.573	0.5659	0.573	0.453	0.6187	0.5207	0.6187	0.5212	0.6175	0.5232	0.6175	0.4808	0.4618	0.4618	0.4808
C57BL6J-638850_6800	HY	0.7568	0.7519	0.8015	0.7517	0.6981	0.7246	0.6077	0.6776	0.5534	0.5532	0.5532	0.5532	0.8045	0.8038	0.5555	0.8121	0.8515	0.7606	0.7729		0.87	0.875	0.87	0.875	0.6482	0.697	0.6657	0.6825	0.5639	0.5639	0.568	0.5639	0.6881	0.6882	0.6877	0.6882	0.669	0.6861	0.6836	0.684	0.556	0.5454	0.5561	0.5454	0.5497	0.559	0.5499	0.559	0.6874	0.5804	0.5804	0.6874
C57BL6J-638850_6800	unassigned	0.0009	0.0014	0.0	0.0	0.1367	0.0145	0.2271	0.0546	0.1341	0.1337	0.1337	0.1337	0.1811	0.0	0.0	0.0	0.0733	0.1681	0.0		0.0	0.0	0.0	0.0	0.1151	0.2358	0.1584	0.1702	0.1494	0.1494	0.151	0.1494	0.0729	0.0073	0.0	0.0073	0.0726	0.0588	0.0708	0.0744	0.1471	0.1502	0.1475	0.1502	0.1935	0.1464	0.1932	0.1464	0.0719	0.2008	0.2008	0.0719
C57BL6J-638850_6800	scwm	0.0	0.0	0.0	0.1064	0.1531	0.1202	0.1266	0.1078	0.0508	0.0521	0.0521	0.0521	0.0858	0.0	0.0865	0.0	0.191	0.0044	0.1642		0.0864	0.0934	0.0864	0.0934	0.0013	0.0673	0.001	0.0674	0.0566	0.0566	0.0578	0.0566	0.066	0.067	0.0658	0.0657	0.0668	0.067	0.0664	0.0673	0.0532	0.0091	0.0671	0.0091	0.0663	0.0177	0.067	0.0177	0.0498	0.0773	0.0773	0.0498
C57BL6J-638850_6800	HPF	0.3736	0.3699	0.3873	0.5706	0.7216	0.5869	0.4171	0.626	0.6116	0.6963	0.6963	0.6963	0.332	0.3942	0.4859	0.4627	0.7404	0.6285	0.7858		0.6523	0.8062	0.6523	0.8062	0.4371	0.6599	0.4411	0.6603	0.5864	0.5864	0.5934	0.5864	0.3947	0.2075	0.3946	0.2092	0.3901	0.3145	0.3919	0.3188	0.3013	0.246	0.3043	0.246	0.3627	0.1855	0.3647	0.1855	0.1963	0.3202	0.3202	0.1963
C57BL6J-638850_6800	STR	0.5763	0.5061	0.5505	0.6113	0.4835	0.537	0.5326	0.5034	0.4871	0.4877	0.4877	0.4877	0.4425	0.4476	0.4369	0.4273	0.6158	0.4393	0.6119		0.6165	0.6294	0.6165	0.6294	0.5108	0.541	0.5338	0.5333	0.4265	0.4265	0.4314	0.4265	0.4352	0.4323	0.4356	0.4354	0.4305	0.4345	0.4296	0.4345	0.4037	0.4149	0.4041	0.4149	0.3997	0.417	0.4001	0.417	0.4626	0.4606	0.4606	0.4626
C57BL6J-638850_6800	mfbs	0.142	0.1379	0.1531	0.1438	0.1447	0.1756	0.1585	0.162	0.0416	0.0505	0.0505	0.0505	0.0244	0.0454	0.2161	0.1776	0.2416	0.0394	0.3909		0.3287	0.3939	0.3287	0.3939	0.05	0.2399	0.0377	0.1672	0.0725	0.0725	0.057	0.0725	0.0434	0.0274	0.0673	0.0274	0.0628	0.0416	0.0639	0.0592	0.0321	0.035	0.0324	0.035	0.0309	0.046	0.0323	0.046	0.0193	0.0656	0.0656	0.0193
C57BL6J-638850_6800	CTXsp	0.5002	0.2313	0.2466	0.4686	0.6052	0.5097	0.5498	0.5941	0.1132	0.1253	0.1253	0.1253	0.2309	0.3227	0.2317	0.3331	0.5316	0.481	0.5254		0.5259	0.5262	0.5259	0.5262	0.1989	0.4891	0.216	0.458	0.068	0.068	0.0945	0.068	0.2049	0.3292	0.2046	0.3292	0.197	0.3513	0.2037	0.2024	0.095	0.0907	0.095	0.0907	0.0918	0.1	0.0916	0.1	0.2072	0.1356	0.1356	0.2072
C57BL6J-638850_6800	V3	0.0511	0.4816	0.2918	0.1151	0.079	0.0822	0.1243	0.0885	0.0646	0.0675	0.0675	0.0675	0.2177	0.1495	0.1986	0.1382	0.127	0.0855	0.1222		0.0548	0.0019	0.0548	0.0019	0.0747	0.3151	0.1066	0.0364	0.0338	0.0338	0.0334	0.0338	0.3293	0.3279	0.328	0.197	0.3276	0.3275	0.3275	0.3262	0.0163	0.0	0.0163	0.0	0.3212	0.0167	0.3204	0.0167	0.1751	0.3086	0.3086	0.1751
C57BL6J-638850_6800	brain-unassigned	0.0682	0.0558	0.0216	0.0384	0.0	0.0003	0.0067	0.0004	0.0077	0.0078	0.0078	0.0078	0.0041	0.0034	0.0114	0.033	0.0612	0.0015	0.0622		0.0014	0.0909	0.0014	0.0909	0.0073	0.0234	0.0246	0.0253	0.0083	0.0083	0.01	0.0083	0.0136	0.0115	0.0145	0.0047	0.0108	0.0124	0.0143	0.0198	0.0402	0.0	0.0411	0.0	0.0111	0.0043	0.0105	0.0043	0.0237	0.0108	0.0108	0.0237
C57BL6J-638850_6800	PAL	0.1158	0.0	0.0	0.1224	0.2158	0.0221	0.1432	0.1565	0.0253	0.0263	0.0263	0.0263	0.0	0.1399	0.0145	0.2246	0.0	0.1018	0.1169		0.0929	0.0663	0.0929	0.0663	0.0251	0.0698	0.0	0.022	0.0313	0.0313	0.0194	0.0313	0.0155	0.0042	0.031	0.0042	0.0481	0.016	0.0524	0.0269	0.0311	0.046	0.0309	0.046	0.031	0.0315	0.0308	0.0315	0.0325	0.0192	0.0192	0.0325
C57BL6J-638850_6800	fiber tracts-unassigned	0.0074	0.0289	0.021	0.0041	0.097	0.1084	0.0	0.0981	0.0188	0.0191	0.0191	0.0191	0.0115	0.0131	0.0	0.0	0.0	0.0	0.0		0.0746	0.0	0.0746	0.0	0.0229	0.0546	0.0568	0.0618	0.0162	0.0162	0.0154	0.0162	0.0122	0.0137	0.0135	0.0137	0.0136	0.0136	0.0142	0.0133	0.0105	0.0141	0.0109	0.0141	0.0108	0.0097	0.0107	0.0097	0.0	0.0	0.0	0.0
C57BL6J-638850_6800	OLF	0.194	0.4835	0.4905	0.2506	0.7123	0.268	0.5963	0.6502	0.4196	0.4299	0.4299	0.4299	0.4719	0.5681	0.3343	0.5823	0.4159	0.6348	0.2806		0.2678	0.2696	0.2678	0.2696	0.4642	0.4444	0.4795	0.4435	0.3992	0.3992	0.4051	0.3992	0.0953	0.0991	0.0997	0.0995	0.3014	0.1036	0.4456	0.4428	0.0948	0.0598	0.0952	0.0598	0.0953	0.0628	0.0949	0.0628	0.4974	0.4579	0.4579	0.4974
C57BL6J-638850_6800	eps	0.0	0.0	0.0	0.0	0.0	0.0	0.0	0.0	0.0028	0.0	0.0	0.0	0.0	0.0	0.0	0.0	0.0	0.0	0.0		0.0	0.0	0.0	0.0	0.0	0.0	0.0	0.0	0.0073	0.0073	0.0012	0.0073	0.0	0.0	0.0	0.0	0.0	0.0	0.0	0.0	0.0	0.0296	0.0	0.0296	0.0	0.0	0.0	0.0	0.0	0.0	0.0	0.0
C57BL6J-638850_6800	VL	0.0	0.0249	0.0	0.0	0.1132	0.0	0.0	0.0782	0.0099	0.0097	0.0097	0.0097	0.0	0.0843	0.0	0.0847	0.1294	0.0	0.2062		0.2072	0.2223	0.2072	0.2223	0.0021	0.0005	0.0	0.0024	0.0133	0.0133	0.0132	0.0133	0.0	0.0	0.0	0.0183	0.0036	0.0035	0.0	0.0	0.0	0.0071	0.0	0.0071	0.0	0.0061	0.0	0.0061		0.0	0.0	
C57BL6J-638850_6800	cm	0.0	0.0	0.0	0.0	0.0	0.0	0.0278	0.0	0.03	0.0049	0.0049	0.0049	0.0	0.0	0.0	0.0		0.0	0.0		0.0	0.0	0.0	0.0	0.0	0.032	0.1082	0.0202	0.0177	0.0177	0.0179	0.0177	0.0134	0.0	0.0134	0.0155	0.0187	0.0	0.0188	0.0	0.0	0.0305	0.0	0.0305	0.0	0.0	0.0	0.0		0.0119	0.0119	
C57BL6J-638850_7800	lfbs	0.0663	0.0532	0.0582	0.0501	0.2608	0.1695	0.3738	0.119	0.3532	0.3527	0.3527	0.3527	0.43	0.1125	0.0859	0.1201	0.3107	0.3293	0.0434		0.054	0.1018	0.054	0.1018	0.2172	0.3086	0.3114	0.3244	0.283	0.283	0.2854	0.283	0.2712	0.2466	0.2717	0.2537	0.2658	0.264	0.2677	0.2701	0.2572	0.2426	0.2578	0.2426	0.2582	0.2568	0.2584	0.2568	0.3097	0.1559	0.1559	0.3097
C57BL6J-638850_7800	Isocortex	0.5653	0.5446	0.5606	0.5221	0.3667	0.5494	0.3635	0.4326	0.3	0.4346	0.4346	0.4346	0.4187	0.3691	0.3936	0.3489	0.459	0.3916	0.633		0.5347	0.3887	0.5347	0.3887	0.3614	0.6381	0.3945	0.6341	0.275	0.275	0.2753	0.275	0.5879	0.5999	0.588	0.6	0.5896	0.593	0.5907	0.5755	0.4586	0.5438	0.4359	0.5438	0.5374	0.5292	0.5374	0.5292	0.5117	0.4981	0.4981	0.5117
C57BL6J-638850_7800	scwm	0.0	0.112	0.0972	0.0818	0.2803	0.0	0.1097	0.1072	0.0942	0.024	0.024	0.024	0.0883	0.1105	0.0901	0.0656	0.0471	0.0648	0.0		0.1058	0.0875	0.1058	0.0875	0.0731	0.0597	0.0	0.059	0.08	0.08	0.083	0.08	0.0734	0.0706	0.0733	0.0732	0.0738	0.0707	0.0703	0.0713	0.0555	0.0745	0.0516	0.0745	0.0749	0.0274	0.0742	0.0274	0.0542	0.0528	0.0528	0.0542
C57BL6J-638850_7800	STR	0.8259	0.8287	0.8258	0.8256	0.8107	0.7933	0.8175	0.7902	0.6967	0.6733	0.6733	0.6733	0.6904	0.7686	0.7484	0.7864	0.807	0.6017	0.8269		0.8239	0.8282	0.8239	0.8282	0.7798	0.8331	0.8322	0.8348	0.6749	0.6749	0.6779	0.6749	0.6587	0.6657	0.6645	0.659	0.6515	0.6399	0.6764	0.6535	0.3791	0.4018	0.3788	0.4018	0.6106	0.6618	0.6104	0.6618	0.7205	0.7217	0.7217	0.7205
C57BL6J-638850_7800	HY	0.6057	0.5981	0.5946	0.8436	0.7863	0.7547	0.7335	0.6883	0.4575	0.7099	0.7099	0.7099	0.7024	0.6585	0.515	0.6738	0.8824	0.5437	0.8523		0.8448	0.8256	0.8448	0.8256	0.6726	0.6781	0.6675	0.7128	0.609	0.609	0.6125	0.609	0.5674	0.5645	0.5664	0.5652	0.4878	0.373	0.4847	0.374	0.2817	0.3128	0.2824	0.3128	0.2804	0.316	0.2803	0.316	0.5273	0.5225	0.5225	0.5273
C57BL6J-638850_7800	TH	0.5138	0.5238	0.5212	0.5118	0.458	0.489	0.752	0.4719	0.6864	0.6676	0.6676	0.6676	0.7498	0.7434	0.6329	0.7489	0.4796	0.4759	0.4946		0.5026	0.754	0.5026	0.754	0.7113	0.7505	0.7492	0.7511	0.5517	0.5517	0.5582	0.5517	0.5108	0.4956	0.5109	0.4973	0.5099	0.4912	0.5094	0.4929	0.4227	0.421	0.4196	0.421	0.4205	0.4132	0.4204	0.4132	0.5756	0.6032	0.6032	0.5756
C57BL6J-638850_7800	PAL	0.6314	0.6221	0.6185	0.6336	0.5615	0.6046	0.3755	0.5331	0.1255	0.1208	0.1208	0.1208	0.501	0.5162	0.6204	0.4981	0.5782	0.6462	0.5482		0.568	0.5576	0.568	0.5576	0.1913	0.6295	0.5836	0.5848	0.0784	0.0784	0.0781	0.0784	0.0839	0.0819	0.0827	0.0909	0.0992	0.0812	0.0822	0.0801	0.0968	0.0957	0.0985	0.0957	0.0983	0.0987	0.0984	0.0987	0.1136	0.205	0.205	0.1136
C57BL6J-638850_7800	CTXsp	0.0	0.0	0.0	0.0	0.0	0.3785	0.269	0.2558	0.0504	0.1688	0.1688	0.1688	0.1002	0.2147	0.1716	0.1326	0.3397	0.3302	0.1984		0.2577	0.2661	0.2577	0.2661	0.0833	0.0077	0.239	0.1103	0.0593	0.0593	0.0594	0.0593	0.0422	0.0334	0.0416	0.0324	0.0412	0.0317	0.0397	0.0508	0.0303	0.0467	0.0302	0.0467	0.0492	0.0322	0.0492	0.0322	0.0377	0.0374	0.0374	0.0377
C57BL6J-638850_7800	unassigned	0.1055	0.1184	0.1078	0.0924	0.1227	0.1138	0.1005	0.0625	0.0978	0.0985	0.0985	0.0985	0.2122	0.0	0.0	0.0778	0.1048	0.1093	0.1068		0.1061	0.1154	0.1061	0.1154	0.122	0.1008	0.1239	0.1099	0.12	0.12	0.1221	0.12	0.0	0.0	0.0	0.0068	0.0445	0.0068	0.0	0.0068	0.1191	0.0045	0.1193	0.0045	0.0069	0.1188	0.0068	0.1188	0.1228	0.1267	0.1267	0.1228
C57BL6J-638850_7800	fiber tracts-unassigned	0.0414	0.0549	0.057	0.0	0.0	0.1086	0.0326	0.0247	0.0229	0.0103	0.0103	0.0103	0.0206	0.0208	0.0201	0.0208	0.0	0.0	0.3504		0.0	0.0257	0.0	0.0257	0.0123	0.0271	0.0227	0.0264	0.0142	0.0142	0.0136	0.0142	0.0137	0.0137	0.0137	0.0137	0.0138	0.0141	0.0158	0.0154	0.0036	0.0166	0.0072	0.0166	0.0088	0.0165	0.0087	0.0165	0.0148	0.0183	0.0183	0.0148
C57BL6J-638850_7800	V3	0.2799	0.2605	0.2479	0.2309	0.1612	0.1612	0.1503	0.1732	0.0	0.0	0.0	0.0	0.0	0.0	0.0	0.1255	0.0061	0.0	0.2157		0.2083	0.3781	0.2083	0.3781	0.1005	0.252	0.0948	0.0346	0.0	0.0	0.0	0.0	0.2667	0.0435	0.2681	0.0436	0.2272	0.0	0.0437	0.0	0.042	0.1144	0.042	0.1144	0.0401	0.0513	0.0401	0.0513	0.2838	0.269	0.269	0.2838
C57BL6J-638850_7800	OLF	0.572	0.5673	0.5649	0.468	0.6624	0.6814	0.6417	0.5344	0.4541	0.4956	0.4956	0.4956	0.4268	0.3267	0.3405	0.5629	0.7347	0.5439	0.5479		0.494	0.6437	0.494	0.6437	0.3545	0.6283	0.676	0.2592	0.5476	0.5476	0.5513	0.5476	0.54	0.5044	0.5408	0.5648	0.5423	0.5694	0.5409	0.4222	0.0757	0.0747	0.0755	0.0747	0.1172	0.0755	0.1171	0.0755	0.5579	0.4758	0.4758	0.5579
C57BL6J-638850_7800	VL	0.5459	0.5863	0.5876	0.5435	0.5527	0.5852	0.5811	0.5535	0.5549	0.5572	0.5572	0.5572	0.3227	0.3236	0.2831	0.5512	0.2657	0.0288	0.5087		0.6257	0.6179	0.6257	0.6179	0.5461	0.546	0.5357	0.5595	0.5537	0.5537	0.5534	0.5537	0.551	0.551	0.5501	0.5641	0.5501	0.5643	0.5597	0.5642	0.558	0.5465	0.5784	0.5465	0.5793	0.5575	0.5793	0.5575	0.5199	0.527	0.527	0.5199
C57BL6J-638850_7800	brain-unassigned	0.0	0.0133	0.0114	0.0591	0.0	0.0684	0.0	0.0956	0.0043	0.0045	0.0045	0.0045	0.0046	0.0	0.0	0.0	0.0707	0.0	0.1383		0.1219	0.0159	0.1219	0.0159	0.0227	0.1058	0.0056	0.0969	0.0128	0.0128	0.0131	0.0128	0.0131	0.0547	0.0128	0.0536	0.0077	0.0072	0.0132	0.0537	0.0006	0.0066	0.0005	0.0066	0.0	0.0	0.0	0.0	0.004	0.016	0.016	0.004
C57BL6J-638850_7800	mfbs	0.428	0.4426	0.4555	0.4231	0.4549	0.4861	0.2237	0.4625	0.1045	0.0731	0.0731	0.0731	0.0616	0.4571	0.4333	0.4403	0.5746	0.4523	0.4321		0.4931	0.4941	0.4931	0.4941	0.2986	0.4183	0.3998	0.4092	0.0647	0.0647	0.0646	0.0647	0.0643	0.0929	0.0695	0.067	0.0543	0.0354	0.0706	0.0513	0.0504	0.0234	0.05	0.0234	0.047	0.0373	0.0469	0.0373	0.0201	0.3964	0.3964	0.0201
C57BL6J-638850_7800	HPF	0.511	0.5916	0.6088	0.5127	0.763	0.7757	0.7612	0.7424	0.0728	0.6263	0.6263	0.6263	0.4377	0.4723	0.4544	0.4642	0.787	0.3336	0.3788		0.7368	0.7358	0.7368	0.7358	0.6563	0.6729	0.6606	0.4462	0.5601	0.5601	0.5674	0.5601	0.6016	0.2876	0.6016	0.342	0.6031	0.1953	0.6031	0.194	0.3062	0.2723	0.3101	0.2723	0.3106	0.1519	0.3146	0.1519	0.4213	0.2884	0.2884	0.4213
C57BL6J-638850_7800	cm	0.0447	0.0	0.0	0.0	0.0	0.0	0.0	0.0	0.0054	0.0	0.0	0.0	0.0	0.0	0.0	0.0	0.0	0.0	0.0005		0.0	0.0	0.0	0.0	0.0037	0.0391	0.0	0.0089	0.0064	0.0064	0.0065	0.0064	0.0041	0.0	0.0065	0.0	0.0216	0.0116	0.0216	0.0034	0.0	0.0438	0.0	0.0438	0.0	0.0	0.0	0.0	0.0	0.0	0.0	0.0
C57BL6J-638850_7800	eps	0.0	0.0	0.0	0.0	0.0015	0.0	0.0	0.0	0.0	0.0	0.0	0.0	0.0	0.0	0.0	0.0	0.0	0.0032	0.0		0.0	0.0	0.0	0.0	0.0	0.0	0.0	0.0	0.0	0.0	0.0	0.0	0.0	0.0	0.0	0.0	0.0	0.0	0.0011	0.0	0.0	0.0	0.0	0.0	0.0	0.0	0.0	0.0	0.0	0.0	0.0	0.0
